{
	"description": "<p>open-sharing.com :: Свободный торрент трекер<p>Для дополнительной информации, посетите  <a href=\"http://open-sharing.com\">http://open-sharing.com</a>",
	"author": "dimzon",
	"homepage": "http://github.com/lprot/showtime-plugins",
	"title": "open-sharing.com",
	"synopsis": "http://open-sharing.com :: Свободный XXX-торрент трекер",
	"version": "0.1.1",
    "file": "osc.js",
	"showtimeVersion": "4.8",
	"type": "ecmascript",
	"icon": "logo.png",
	"id": "xxxosc",
	"category": "video"
}
