{
	"description": "<p>Chaturbate - Free Adult Webcams, Live Sex, Free Sex Chat, Exhibitionist & Pornstar Free Cams<p>For additional info visit <a href=\"http://chaturbate.com\">http://chaturbate.com/</a>",
	"author": "lprot",
	"homepage": "https://github.com/lprot/movian-plugin-chaturbate",
	"title": "Chaturbate",
	"synopsis": "Chaturbate",
	"version": "0.1.3",
	"file": "chaturbate.js",
	"showtimeVersion": "4.8",
	"type": "ecmascript",
	"id": "chaturbate",
	"icon": "logo.png",
	"category": "video",
        "apiversion": 2
}
