{
	"description": "<p>pornleech.is :: Свободный XXX-торрент трекер<p>Для дополнительной информации, посетите  <a href=\"http://pornleech.is\">http://pornleech.is</a>",
	"author": "dimzon",
	"homepage": "http://github.com/lprot/showtime-plugins",
	"title": "pornleech.is",
	"synopsis": "http://pornleech.is :: Свободный XXX-торрент трекер",
	"version": "0.1.1",
    "file": "megashara.js",
	"showtimeVersion": "4.8",
	"type": "ecmascript",
	"icon": "logo.png",
	"id": "pornleech_is",
	"category": "video"
}
