{
	"description": "<p>xxxtor.com :: Свободный XXX-торрент трекер<p>Для дополнительной информации, посетите  <a href=\"http://xxxtor.com\">http://xxxtor.com</a>",
	"author": "dimzon", 
	"homepage": "http://github.com/lprot/movian-plugin-rutor",
	"title": "xxxtor.com",
	"synopsis": "xxxtor.com :: Свободный XXX-торрент трекер",
	"version": "0.3.3",
        "file": "rutor.js",
	"showtimeVersion": "4.8",
	"type": "ecmascript",
	"icon": "logo.png",
	"id": "xxxtorcom2",
	"category": "video",
        "apiversion": 2
}
